companyName,firstName,fullName,title,email,websiteUrl,linkedinUrl,sourceUrl,landingPageUrl,country
Peak Performance Coaching,Sarah,Sarah Mitchell,Head Coach,sarah@peakperformancecoaching.io,https://peakperformancecoaching.io,https://linkedin.com/in/sarahmitchell,https://facebook.com/ads/123456,https://peakperformancecoaching.io/free-training,US
Elevate Consulting Group,James,James Richardson,Managing Director,,https://elevateconsultinggroup.com,https://linkedin.com/in/jamesrichardson,https://linkedin.com/posts/jamesrichardson-123,,UK
Mindset Mastery Academy,Rachel,Rachel Torres,Founder & Lead Coach,rachel@mindsetmastery.co,https://mindsetmastery.co,,https://instagram.com/p/mindsetmastery123,https://mindsetmastery.co/bootcamp,US
Digital Course Pros,Michael,Michael Chen,Course Creator,,,https://linkedin.com/in/michaelchen,https://facebook.com/ads/789012,https://digitalcoursepros.com/launch,AU
Thrive Health Coaching,Emma,Emma Williams,Wellness Coach,emma@thrivehealthcoaching.com,https://thrivehealthcoaching.com,https://linkedin.com/in/emmawilliams,https://instagram.com/p/thrivehealth456,,US
Apex Leadership Lab,,David Park,Executive Coach,,https://apexleadershiplab.com,https://linkedin.com/in/davidpark,https://linkedin.com/posts/davidpark-456,https://apexleadershiplab.com/workshop,UK
FitLife Pro Coaching,Anna,Anna Kowalski,Fitness Coach,anna@fitlifepro.com.au,https://fitlifepro.com.au,,https://instagram.com/p/fitlifepro789,https://fitlifepro.com.au/challenge,AU
Scale & Grow Consulting,Tom,Tom Henderson,Growth Strategist,tom@scaleandgrow.io,https://scaleandgrow.io,https://linkedin.com/in/tomhenderson,https://facebook.com/ads/345678,,US
Clarity Career Coaching,Priya,Priya Sharma,Career Coach,,https://claritycareercoaching.co.uk,,https://linkedin.com/posts/priyasharma-789,https://claritycareercoaching.co.uk/free-session,UK
Launch Academy Online,Marcus,Marcus Webb,Digital Marketing Coach,marcus@launchacademyonline.com,https://launchacademyonline.com,https://linkedin.com/in/marcuswebb,https://facebook.com/ads/901234,https://launchacademyonline.com/masterclass,AU
